text,event,time,cheers,id,image,link
Discover the wonders of machine learning in this guide.,preSETS I,2024-12-23T18:04:59.484443,74,H0l9tPm4lHI3yrfKjrzm,,
Step-by-step guide to building web applications using Flask.,preSETS I,2024-12-23T18:04:59.484443,15,O2Ig8JqlcsRS6C66oyUW,,
This is a brief introduction to Python programming.,preSETS I,2024-12-23T18:04:59.484443,68,TAdUq3UMojw5bd8lSXMm,https://via.placeholder.com/400,
Discover the wonders of machine learning in this guide.,preSETS I,2024-12-23T18:04:59.484443,95,ZXbpc9HZ7M1veRRvjw8c,,
Step-by-step guide to building web applications using Flask.,preSETS I,2024-12-23T18:04:59.484443,49,a9mr6TnMe1KY8DtkzB8i,,https://example.com/flask
Step-by-step guide to building web applications using Flask.,preSETS I,2024-12-23T18:04:59.484443,35,gmZiZLMzpORwYLj8hCJU,https://via.placeholder.com/400,
Learn the basics and applications of data science.,preSETS I,2024-12-23T18:04:59.484443,7,pjvgC00KXuzcGTpiOkC5,,
Discover the wonders of machine learning in this guide.,preSETS I,2024-12-23T18:04:59.484443,24,r5I6XEgTosilzmYJoHNy,https://via.placeholder.com/400,
Step-by-step guide to building web applications using Flask.,preSETS I,2024-12-23T18:04:59.484443,69,tF3brnFT2tFEiD5lc5rO,https://via.placeholder.com/400,https://example.com/python
This is a brief introduction to Python programming.,preSETS I,2024-12-23T18:04:59.484443,49,yqPPEPeyJyYFv2TXm0Xr,,
